-- ============================================================
-- 基于RAG的电商场景智能客服机器人 - 示例数据插入脚本
-- 数据库: rag_ecommerce
-- 说明: 包含用户、商品、订单、物流、知识库、对话等示例数据
-- 注意: 密码均为 123456（bcrypt加密后的哈希值）
-- ============================================================

USE rag_ecommerce;

SET FOREIGN_KEY_CHECKS = 0;

-- ============================================================
-- 清空已有数据（按外键依赖顺序）
-- ============================================================
TRUNCATE TABLE logistics_tracks;
TRUNCATE TABLE logistics;
TRUNCATE TABLE order_items;
TRUNCATE TABLE orders;
TRUNCATE TABLE chat_history;
TRUNCATE TABLE human_service_sessions;
TRUNCATE TABLE knowledge_sync_logs;
TRUNCATE TABLE knowledge_docs;
TRUNCATE TABLE evaluation_records;
TRUNCATE TABLE evaluation_dataset;
TRUNCATE TABLE products;
TRUNCATE TABLE users;

SET FOREIGN_KEY_CHECKS = 1;

-- ============================================================
-- 用户数据（密码均为 123456）
-- ============================================================
INSERT INTO `users` (`id`, `username`, `password`, `phone`, `role`, `avatar`, `created_at`, `last_login_at`) VALUES
(1, 'zhangsan', '$2b$12$p/iAwlwkBEJ55GD5u3j3pu.rN6QhKNroK/bG9JiUeRQwFwTcd.n7O', '13800138001', 'admin', '', '2026-03-04 18:37:17', '2026-04-21 05:31:19'),
(2, 'lisi', '$2b$12$p/iAwlwkBEJ55GD5u3j3pu.rN6QhKNroK/bG9JiUeRQwFwTcd.n7O', '13800138002', 'user', '', '2026-03-04 18:37:17', '2026-04-03 03:28:57'),
(3, 'wangwu', '$2b$12$p/iAwlwkBEJ55GD5u3j3pu.rN6QhKNroK/bG9JiUeRQwFwTcd.n7O', '13800138003', 'user', '', '2026-03-04 18:37:17', '2026-03-28 14:29:15'),
(4, 'zhaoliu', '$2b$12$p/iAwlwkBEJ55GD5u3j3pu.rN6QhKNroK/bG9JiUeRQwFwTcd.n7O', '13800138004', 'user', '', '2026-03-04 18:37:17', '2026-04-10 15:29:24'),
(5, 'sunqi', '$2b$12$p/iAwlwkBEJ55GD5u3j3pu.rN6QhKNroK/bG9JiUeRQwFwTcd.n7O', '13800138005', 'user', '', '2026-03-04 18:37:17', '2026-04-15 21:35:30');

-- ============================================================
-- 商品数据
-- ============================================================
INSERT INTO `products` (`id`, `name`, `category`, `price`, `description`, `specs`, `stock`, `created_at`) VALUES
(1, '华为Mate 60 Pro智能手机', '手机', 6999.00, '华为旗舰手机，搭载麒麟9000S处理器，支持卫星通话，拥有出色的拍照能力和超长续航。', '{"brand": "华为", "color": ["雅丹黑", "白沙银", "南糯紫"], "model": "Mate 60 Pro", "camera": "5000万像素主摄", "screen": "6.82英寸OLED", "battery": "5000mAh", "network": "5G", "storage": ["256GB", "512GB", "1TB"]}', 150, '2026-03-04 18:37:17'),
(2, '小米14 Ultra手机', '手机', 5999.00, '小米高端旗舰，徕卡影像系统，骁龙8 Gen3处理器，专业级拍照体验。', '{"brand": "小米", "color": ["黑色", "白色"], "model": "14 Ultra", "camera": "徕卡专业影像系统", "screen": "6.73英寸AMOLED", "battery": "5000mAh", "network": "5G", "storage": ["256GB", "512GB"]}', 200, '2026-03-04 18:37:17'),
(3, 'MacBook Pro 14英寸笔记本电脑', '电脑', 14999.00, '苹果MacBook Pro 14英寸，M3 Pro芯片，18GB统一内存，512GB固态硬盘，专业级生产力工具。', '{"cpu": "M3 Pro", "brand": "Apple", "model": "MacBook Pro 14", "memory": "18GB", "screen": "14.2英寸Liquid Retina XDR", "weight": "1.55kg", "battery": "最长17小时续航", "storage": "512GB SSD"}', 80, '2026-03-04 18:37:17'),
(4, 'ThinkPad X1 Carbon商务笔记本', '电脑', 10999.00, '联想ThinkPad X1 Carbon，轻薄商务笔记本，第13代英特尔酷睿处理器，经典ThinkPad键盘手感。', '{"cpu": "Intel i7-1365U", "brand": "Lenovo", "model": "ThinkPad X1 Carbon", "memory": "16GB", "screen": "14英寸2.8K OLED", "weight": "1.12kg", "storage": "512GB SSD"}', 60, '2026-03-04 18:37:17'),
(5, '优衣库男士纯棉T恤', '服装', 79.00, '优衣库经典款男士纯棉T恤，舒适透气，多色可选，日常穿搭必备。', '{"size": ["S", "M", "L", "XL", "XXL"], "brand": "优衣库", "color": ["白色", "黑色", "灰色", "藏青色"], "style": "圆领短袖", "material": "100%纯棉"}', 500, '2026-03-04 18:37:17'),
(6, 'Nike Air Max 270运动鞋', '鞋类', 899.00, 'Nike Air Max 270，经典气垫运动鞋，舒适缓震，时尚百搭。', '{"size": ["38", "39", "40", "41", "42", "43", "44"], "brand": "Nike", "color": ["黑白配色", "红白配色"], "style": "气垫跑鞋", "material": "网面+合成革"}', 300, '2026-03-04 18:37:17'),
(7, '索尼WH-1000XM5降噪耳机', '数码配件', 2499.00, '索尼旗舰降噪耳机，行业领先降噪技术，30小时续航，佩戴舒适。', '{"brand": "Sony", "model": "WH-1000XM5", "type": "头戴式", "noise_cancelling": "主动降噪", "battery": "30小时", "bluetooth": "5.2", "weight": "250g"}', 120, '2026-03-04 18:37:17'),
(8, '戴森V15吸尘器', '家电', 5490.00, '戴森V15 Detect无线吸尘器，激光探测灰尘，强劲吸力，智能显示。', '{"brand": "Dyson", "model": "V15 Detect", "type": "无线吸尘器", "power": "230AW", "battery": "60分钟", "weight": "2.74kg", "dustbin": "0.76L"}', 50, '2026-03-04 18:37:17'),
(9, 'iPhone 15 Pro Max 256GB', '手机', 9999.00, '苹果iPhone 15 Pro Max，A17 Pro芯片，钛金属机身，4800万像素Pro级相机系统。', '{"brand": "Apple", "model": "iPhone 15 Pro Max", "storage": "256GB", "screen": "6.7英寸超视网膜XDR", "camera": "4800万像素主摄", "chip": "A17 Pro", "material": "钛金属", "charging": "USB-C"}', 50, '2026-03-04 18:37:17'),
(10, 'iPhone 15 Pro Max 512GB', '手机', 11999.00, '苹果iPhone 15 Pro Max 512GB版本。', '{"brand": "Apple", "model": "iPhone 15 Pro Max", "storage": "512GB", "screen": "6.7英寸超视网膜XDR", "camera": "4800万像素主摄", "chip": "A17 Pro"}', 30, '2026-03-04 18:37:17'),
(11, 'iPhone 15 Pro Max 1TB', '手机', 13999.00, '苹果iPhone 15 Pro Max 1TB顶配版本。', '{"brand": "Apple", "model": "iPhone 15 Pro Max", "storage": "1TB", "screen": "6.7英寸超视网膜XDR", "camera": "4800万像素主摄", "chip": "A17 Pro"}', 15, '2026-03-04 18:37:17'),
(12, '华为Mate 60 Pro 256GB', '手机', 6999.00, '华为Mate 60 Pro 256GB版本。', '{"brand": "华为", "model": "Mate 60 Pro", "storage": "256GB", "screen": "6.82英寸OLED", "camera": "5000万像素主摄", "chip": "麒麟9000S"}', 45, '2026-03-04 18:37:17'),
(13, '华为Mate 60 Pro 512GB', '手机', 7999.00, '华为Mate 60 Pro 512GB版本。', '{"brand": "华为", "model": "Mate 60 Pro", "storage": "512GB"}', 25, '2026-03-04 18:37:17'),
(14, '华为Mate 60 Pro 1TB', '手机', 8999.00, '华为Mate 60 Pro 1TB版本。', '{"brand": "华为", "model": "Mate 60 Pro", "storage": "1TB"}', 10, '2026-03-04 18:37:17'),
(15, '小米14 Pro 256GB', '手机', 4999.00, '小米14 Pro 256GB版本，徕卡影像旗舰。', '{"brand": "小米", "model": "14 Pro", "storage": "256GB", "camera": "5000万像素徕卡主摄", "chip": "骁龙8 Gen 3"}', 60, '2026-03-04 18:37:17'),
(16, '小米14 Pro 512GB', '手机', 5499.00, '小米14 Pro 512GB版本。', '{"brand": "小米", "model": "14 Pro", "storage": "512GB"}', 35, '2026-03-04 18:37:17'),
(17, '三星Galaxy S24 Ultra 256GB', '手机', 8999.00, '三星Galaxy S24 Ultra，2亿像素相机，S Pen手写笔。', '{"brand": "Samsung", "model": "Galaxy S24 Ultra", "storage": "256GB", "camera": "2亿像素主摄", "chip": "骁龙8 Gen 3", "pen": "S Pen"}', 40, '2026-03-04 18:37:17'),
(18, '三星Galaxy S24 Ultra 512GB', '手机', 9999.00, '三星Galaxy S24 Ultra 512GB版本。', '{"brand": "Samsung", "model": "Galaxy S24 Ultra", "storage": "512GB"}', 20, '2026-03-04 18:37:17'),
(19, 'OPPO Find X7 Ultra 256GB', '手机', 5999.00, 'OPPO Find X7 Ultra，哈苏影像系统，双潜望长焦。', '{"brand": "OPPO", "model": "Find X7 Ultra", "storage": "256GB", "camera": "5000万像素哈苏主摄", "chip": "骁龙8 Gen 3"}', 35, '2026-03-04 18:37:17'),
(20, 'vivo X100 Pro 256GB', '手机', 4999.00, 'vivo X100 Pro，蔡司影像系统，天玑9300处理器。', '{"brand": "vivo", "model": "X100 Pro", "storage": "256GB", "camera": "5000万像素蔡司主摄", "chip": "天玑9300"}', 45, '2026-03-04 18:37:17'),
(21, 'MacBook Pro 14英寸 M3 18GB+512GB', '电脑', 14999.00, 'MacBook Pro 14英寸 M3芯片版。', '{"cpu": "M3", "brand": "Apple", "memory": "18GB", "storage": "512GB SSD"}', 25, '2026-03-04 18:37:17'),
(22, 'MacBook Pro 14英寸 M3 Pro 36GB+1TB', '电脑', 19999.00, 'MacBook Pro 14英寸 M3 Pro高配版。', '{"cpu": "M3 Pro", "brand": "Apple", "memory": "36GB", "storage": "1TB SSD"}', 15, '2026-03-04 18:37:17'),
(23, 'MacBook Pro 16英寸 M3 Max 36GB+1TB', '电脑', 24999.00, 'MacBook Pro 16英寸 M3 Max旗舰版。', '{"cpu": "M3 Max", "brand": "Apple", "memory": "36GB", "storage": "1TB SSD", "screen": "16英寸"}', 10, '2026-03-04 18:37:17'),
(24, 'ThinkPad X1 Carbon Gen12 16GB+512GB', '电脑', 10999.00, 'ThinkPad X1 Carbon 第12代。', '{"cpu": "Intel i7-1365U", "brand": "Lenovo", "memory": "16GB", "storage": "512GB SSD"}', 30, '2026-03-04 18:37:17'),
(25, '戴尔XPS 13 Plus 16GB+512GB', '电脑', 8999.00, '戴尔XPS 13 Plus轻薄笔记本。', '{"cpu": "Intel i7-1360P", "brand": "Dell", "memory": "16GB", "storage": "512GB SSD", "screen": "13.4英寸OLED"}', 25, '2026-03-04 18:37:17'),
(26, '联想拯救者Y9000P 2024 i9+32GB+1TB', '电脑', 12999.00, '联想拯救者Y9000P 2024游戏本。', '{"cpu": "Intel i9-14900HX", "brand": "Lenovo", "gpu": "RTX 4060", "memory": "32GB", "storage": "1TB SSD"}', 20, '2026-03-04 18:37:17'),
(27, '海尔冰箱BCD-600WGHSS19B8U1', '家电', 7999.00, '海尔600L对开门冰箱，风冷无霜，一级能效。', '{"brand": "海尔", "type": "对开门冰箱", "capacity": "600L", "energy": "一级能效", "cooling": "风冷无霜"}', 15, '2026-03-04 18:37:17'),
(28, '美的洗衣机MG100V70WD5', '家电', 2999.00, '美的10KG滚筒洗衣机，直驱变频，蒸汽除菌。', '{"brand": "美的", "type": "滚筒洗衣机", "capacity": "10KG", "motor": "直驱变频", "features": "蒸汽除菌"}', 30, '2026-03-04 18:37:17'),
(29, '格力空调KFR-35GW 变频1.5匹', '家电', 3999.00, '格力1.5匹变频壁挂式空调，新一级能效。', '{"brand": "格力", "type": "壁挂式空调", "power": "1.5匹", "energy": "新一级能效", "features": "自清洁"}', 40, '2026-03-04 18:37:17'),
(30, '戴森V15 Detect 无线吸尘器', '家电', 4990.00, '戴森V15 Detect激光探测吸尘器。', '{"brand": "Dyson", "model": "V15 Detect", "power": "230AW", "battery": "60分钟"}', 25, '2026-03-04 18:37:17'),
(31, '西门子洗碗机SC73M810TI 13套', '家电', 5999.00, '西门子13套嵌入式洗碗机，高温除菌。', '{"brand": "西门子", "type": "嵌入式洗碗机", "capacity": "13套", "features": "高温除菌"}', 18, '2026-03-04 18:37:17'),
(32, '松下电饭煲SR-HG181 5L', '家电', 1999.00, '松下5L IH电饭煲，备长炭内胆。', '{"brand": "松下", "type": "IH电饭煲", "capacity": "5L", "inner_pot": "备长炭内胆"}', 35, '2026-03-04 18:37:17'),
(33, '优衣库男装Airism短袖T恤 白色L', '服装', 79.00, '优衣库Airism面料短袖T恤白色L码。', '{"brand": "优衣库", "color": "白色", "size": "L", "material": "Airism面料"}', 200, '2026-03-04 18:37:17'),
(34, '优衣库男装Airism短袖T恤 黑色M', '服装', 79.00, '优衣库Airism面料短袖T恤黑色M码。', '{"brand": "优衣库", "color": "黑色", "size": "M", "material": "Airism面料"}', 200, '2026-03-04 18:37:17'),
(35, 'Nike Air Max 270 黑白配色 US10', '鞋类', 899.00, 'Nike Air Max 270黑白配色美码10。', '{"brand": "Nike", "color": "黑白配色", "size": "US10"}', 80, '2026-03-04 18:37:17'),
(36, 'Nike Air Max 270 红白配色 US9', '鞋类', 899.00, 'Nike Air Max 270红白配色美码9。', '{"brand": "Nike", "color": "红白配色", "size": "US9"}', 80, '2026-03-04 18:37:17'),
(37, 'Adidas Ultraboost 22 蓝色US10', '鞋类', 1299.00, 'Adidas Ultraboost 22蓝色美码10。', '{"brand": "Adidas", "model": "Ultraboost 22", "color": "蓝色", "size": "US10"}', 50, '2026-03-04 18:37:17'),
(38, 'Lululemon Align瑜伽裤 黑色M', '服装', 850.00, 'Lululemon Align高腰瑜伽裤黑色M码。', '{"brand": "Lululemon", "model": "Align", "color": "黑色", "size": "M", "type": "瑜伽裤"}', 60, '2026-03-04 18:37:17'),
(39, 'SK-II神仙水精华液 230ml', '美妆', 1540.00, 'SK-II经典神仙水精华液230ml。', '{"brand": "SK-II", "product": "神仙水", "volume": "230ml", "type": "精华液"}', 100, '2026-03-04 18:37:17'),
(40, '雅诗兰黛小棕瓶精华 50ml', '美妆', 850.00, '雅诗兰黛小棕瓶修护精华50ml。', '{"brand": "雅诗兰黛", "product": "小棕瓶", "volume": "50ml", "type": "修护精华"}', 120, '2026-03-04 18:37:17'),
(41, '兰蔻小黑瓶精华 50ml', '美妆', 760.00, '兰蔻小黑瓶肌底液50ml。', '{"brand": "兰蔻", "product": "小黑瓶", "volume": "50ml", "type": "肌底液"}', 110, '2026-03-04 18:37:17'),
(42, '资生堂红腰子精华 50ml', '美妆', 680.00, '资生堂红腰子精华50ml。', '{"brand": "资生堂", "product": "红腰子", "volume": "50ml", "type": "精华"}', 95, '2026-03-04 18:37:17'),
(43, '海蓝之谜修护精华 30ml', '美妆', 1600.00, '海蓝之谜修护精华露30ml。', '{"brand": "海蓝之谜", "product": "修护精华", "volume": "30ml", "type": "精华露"}', 60, '2026-03-04 18:37:17'),
(44, '飞利浦空气净化器AC0820', '家电', 1299.00, '飞利浦空气净化器AC0820，除甲醛除菌。', '{"brand": "飞利浦", "model": "AC0820", "type": "空气净化器", "features": "除甲醛除菌"}', 40, '2026-03-04 18:37:17');

-- ============================================================
-- 订单数据
-- ============================================================
INSERT INTO `orders` (`id`, `order_no`, `user_id`, `total_amount`, `status`, `payment_method`, `payment_time`, `created_at`) VALUES
(1, 'ORD2024010001', 6, 6999.00, 'delivered', 'alipay', '2024-01-15 10:30:00', '2026-03-04 18:37:17'),
(2, 'ORD2024010002', 1, 158.00, 'delivered', 'wechat', '2024-01-18 14:20:00', '2026-03-04 18:37:17'),
(3, 'ORD2024010003', 2, 14999.00, 'shipped', 'alipay', '2024-01-20 09:15:00', '2026-03-04 18:37:17'),
(4, 'ORD2024010004', 3, 5999.00, 'paid', 'wechat', '2024-01-22 16:45:00', '2026-03-04 18:37:17'),
(5, 'ORD2024010005', 4, 899.00, 'paid', NULL, NULL, '2026-03-04 18:37:17'),
(6, 'ORD2024010006', 6, 2499.00, 'shipped', 'alipay', '2024-01-23 11:00:00', '2026-03-04 18:37:17'),
(7, 'ORD2024010007', 5, 5490.00, 'paid', 'wechat', '2024-01-24 13:30:00', '2026-03-04 18:37:17'),
(8, 'ORD2024010008', 3, 10999.00, 'delivered', 'alipay', '2024-01-10 08:00:00', '2026-03-04 18:37:17'),
(9, 'ORD202401180001', 2, 9999.00, 'delivered', '支付宝', '2024-01-15 10:30:00', '2026-04-18 02:05:40'),
(10, 'ORD202401180002', 3, 13998.00, 'delivered', '微信支付', '2024-01-16 14:20:00', '2026-04-18 02:05:40'),
(11, 'ORD202401180003', 4, 4999.00, 'delivered', '花呗分期12期', '2024-01-17 09:15:00', '2026-04-18 02:05:40'),
(12, 'ORD202401180004', 5, 10999.00, 'delivered', '信用卡分期', '2024-01-18 16:45:00', '2026-04-18 02:05:40'),
(13, 'ORD202401180005', 6, 7999.00, 'shipped', '支付宝', NULL, '2026-04-18 02:05:40'),
(14, 'ORD202401180006', 2, 1540.00, 'delivered', '微信支付', '2024-01-19 11:00:00', '2026-04-18 02:05:57'),
(15, 'ORD202401180007', 3, 8999.00, 'delivered', '支付宝', '2024-01-20 13:30:00', '2026-04-18 02:05:57'),
(16, 'ORD202401180008', 4, 19999.00, 'pending', NULL, NULL, '2026-04-18 02:05:57'),
(17, 'ORD202401180009', 5, 2999.00, 'delivered', '花呗分期6期', '2024-01-21 10:15:00', '2026-04-18 02:05:57'),
(18, 'ORD202401180010', 6, 1299.00, 'shipped', '银联云闪付', '2024-01-22 15:45:00', '2026-04-18 02:05:57'),
(19, 'ORD202401180011', 2, 850.00, 'delivered', '支付宝', '2024-02-01 09:20:00', '2026-04-18 02:05:57'),
(20, 'ORD202401180012', 3, 680.00, 'delivered', '微信支付', '2024-02-02 14:50:00', '2026-04-18 02:05:57'),
(21, 'ORD202401180013', 4, 1600.00, 'pending', NULL, NULL, '2026-04-18 02:05:57'),
(22, 'ORD202401180014', 5, 4990.00, 'shipped', '信用卡支付', '2024-02-03 11:30:00', '2026-04-18 02:05:57'),
(23, 'ORD202401180015', 6, 5499.00, 'delivered', '花呗分期12期', '2024-02-04 16:00:00', '2026-04-18 02:05:57'),
(24, 'ORD202401180016', 2, 3999.00, 'delivered', '支付宝', '2024-02-10 10:00:00', '2026-04-18 02:06:16'),
(25, 'ORD202401180017', 3, 11999.00, 'shipped', '微信支付', '2024-02-11 13:20:00', '2026-04-18 02:06:16'),
(26, 'ORD202401180018', 4, 760.00, 'delivered', '花呗分期3期', '2024-02-12 09:45:00', '2026-04-18 02:06:16'),
(27, 'ORD202401180019', 5, 899.00, 'pending', NULL, NULL, '2026-04-18 02:06:16'),
(28, 'ORD202401180020', 6, 14999.00, 'delivered', '信用卡分期', '2024-02-15 14:30:00', '2026-04-18 02:06:16'),
(29, 'ORD202401180021', 2, 5999.00, 'delivered', '支付宝', '2024-02-18 11:15:00', '2026-04-18 02:06:16'),
(30, 'ORD202401180022', 3, 79.00, 'delivered', '微信支付', '2024-02-19 16:50:00', '2026-04-18 02:06:16'),
(31, 'ORD202401180023', 4, 1299.00, 'shipped', '银联云闪付', '2024-02-20 10:30:00', '2026-04-18 02:06:16'),
(32, 'ORD202401180024', 5, 24999.00, 'pending', NULL, NULL, '2026-04-18 02:06:16'),
(33, 'ORD202401180025', 6, 1999.00, 'delivered', '花呗分期6期', '2024-02-22 15:00:00', '2026-04-18 02:06:16');

-- ============================================================
-- 订单详情数据
-- ============================================================
INSERT INTO `order_items` (`id`, `order_id`, `product_id`, `quantity`, `unit_price`, `created_at`) VALUES
(1, 1, 1, 1, 6999.00, '2026-03-04 18:37:17'),
(2, 2, 5, 2, 79.00, '2026-03-04 18:37:17'),
(3, 3, 3, 1, 14999.00, '2026-03-04 18:37:17'),
(4, 4, 2, 1, 5999.00, '2026-03-04 18:37:17'),
(5, 5, 6, 1, 899.00, '2026-03-04 18:37:17'),
(6, 6, 7, 1, 2499.00, '2026-03-04 18:37:17'),
(7, 7, 8, 1, 5490.00, '2026-03-04 18:37:17'),
(8, 8, 4, 1, 10999.00, '2026-03-04 18:37:17'),
(9, 9, 9, 1, 9999.00, '2026-04-18 02:07:06'),
(10, 10, 11, 1, 13999.00, '2026-04-18 02:07:06'),
(11, 11, 15, 1, 4999.00, '2026-04-18 02:07:06'),
(12, 12, 24, 1, 10999.00, '2026-04-18 02:07:06'),
(13, 13, 27, 1, 7999.00, '2026-04-18 02:07:06'),
(14, 14, 39, 1, 1540.00, '2026-04-18 02:07:06'),
(15, 15, 18, 1, 8999.00, '2026-04-18 02:07:06'),
(16, 16, 23, 1, 19999.00, '2026-04-18 02:07:06'),
(17, 17, 28, 1, 2999.00, '2026-04-18 02:07:06'),
(18, 18, 44, 1, 1299.00, '2026-04-18 02:07:06'),
(19, 19, 40, 1, 850.00, '2026-04-18 02:07:27'),
(20, 20, 42, 1, 680.00, '2026-04-18 02:07:27'),
(21, 21, 43, 1, 1600.00, '2026-04-18 02:07:27'),
(22, 22, 30, 1, 4990.00, '2026-04-18 02:07:27'),
(23, 23, 16, 1, 5499.00, '2026-04-18 02:07:27'),
(24, 24, 29, 1, 3999.00, '2026-04-18 02:07:27'),
(25, 25, 10, 1, 11999.00, '2026-04-18 02:07:27'),
(26, 26, 41, 1, 760.00, '2026-04-18 02:07:27'),
(27, 27, 35, 1, 899.00, '2026-04-18 02:07:27'),
(28, 28, 22, 1, 19999.00, '2026-04-18 02:07:27'),
(39, 29, 19, 1, 5999.00, '2026-04-18 02:08:13'),
(40, 30, 33, 2, 79.00, '2026-04-18 02:08:13'),
(41, 31, 31, 1, 5999.00, '2026-04-18 02:08:13'),
(42, 32, 34, 3, 79.00, '2026-04-18 02:08:13'),
(43, 33, 44, 1, 1299.00, '2026-04-18 02:08:13');

-- ============================================================
-- 物流数据
-- ============================================================
INSERT INTO `logistics` (`id`, `order_id`, `tracking_no`, `carrier`, `status`, `current_location`, `estimated_arrival`, `created_at`) VALUES
(1, 1, 'SF1234567890123', '顺丰速运', 'delivered', '北京市朝阳区', '2024-01-17', '2026-03-04 18:37:17'),
(2, 2, 'YT9876543210987', '圆通速递', 'delivered', '北京市海淀区', '2024-01-20', '2026-03-04 18:37:17'),
(3, 3, 'SF2345678901234', '顺丰速运', 'shipped', '上海市浦东新区', '2024-01-23', '2026-03-04 18:37:17'),
(4, 4, NULL, NULL, 'pending', NULL, NULL, '2026-03-04 18:37:17'),
(5, 5, NULL, NULL, 'pending', NULL, NULL, '2026-03-04 18:37:17'),
(6, 6, 'ZT4567890123456', '中通快递', 'shipped', '广州市白云区', '2024-01-25', '2026-03-04 18:37:17'),
(7, 7, NULL, NULL, 'pending', NULL, NULL, '2026-03-04 18:37:17'),
(8, 8, 'SF3456789012345', '顺丰速运', 'delivered', '深圳市南山区', '2024-01-15', '2026-03-04 18:37:17'),
(9, 33, 'SF1234567890', '顺丰速运', 'delivered', '已签收', '2026-04-20', '2026-04-18 14:39:04'),
(10, 24, 'YT9876543210', '圆通快递', 'delivered', '已签收', '2026-04-19', '2026-04-18 14:46:12'),
(11, 25, 'ZT20240417001', '中通快递', 'shipped', '北京转运中心', '2026-04-22', '2026-04-18 14:46:12'),
(12, 26, 'YD3344556677', '韵达快递', 'delivered', '已签收', '2026-04-19', '2026-04-18 14:46:12'),
(13, 28, 'ST1122334455', '申通快递', 'delivered', '已签收', '2026-04-20', '2026-04-18 14:46:12'),
(14, 29, 'SF5566778899', '顺丰速运', 'delivered', '已签收', '2026-04-20', '2026-04-18 14:46:12'),
(15, 30, 'ZT9988776655', '中通快递', 'delivered', '已签收', '2026-04-21', '2026-04-18 14:46:12'),
(16, 31, 'YT4433221100', '圆通快递', 'shipped', '上海分拨中心', '2026-04-23', '2026-04-18 14:46:12'),
(17, 14, 'SF6677889900', '顺丰速运', 'delivered', '已签收', '2026-04-18', '2026-04-18 14:46:12'),
(18, 15, 'YD7788990011', '韵达快递', 'delivered', '已签收', '2026-04-18', '2026-04-18 14:46:12'),
(19, 17, 'ST9900112233', '申通快递', 'delivered', '已签收', '2026-04-19', '2026-04-18 14:46:12'),
(20, 18, 'ZT2233445566', '中通快递', 'shipped', '广州转运中心', '2026-04-21', '2026-04-18 14:46:12'),
(21, 19, 'SF3344556677', '顺丰速运', 'delivered', '已签收', '2026-04-19', '2026-04-18 14:46:12'),
(22, 20, 'YT5566778899', '圆通快递', 'delivered', '已签收', '2026-04-19', '2026-04-18 14:46:12'),
(23, 22, 'YD7788990011', '韵达快递', 'shipped', '杭州分拨中心', '2026-04-22', '2026-04-18 14:46:12'),
(24, 23, 'ST9900112233', '申通快递', 'delivered', '已签收', '2026-04-19', '2026-04-18 14:46:12'),
(25, 9, 'SF1122334455', '顺丰速运', 'delivered', '已签收', '2026-04-07', '2026-04-18 14:46:12'),
(26, 10, 'ZT4455667788', '中通快递', 'delivered', '已签收', '2026-04-08', '2026-04-18 14:46:12'),
(27, 11, 'YT6677889900', '圆通快递', 'delivered', '已签收', '2026-04-08', '2026-04-18 14:46:12'),
(28, 12, 'YD8899001122', '韵达快递', 'delivered', '已签收', '2026-04-09', '2026-04-18 14:46:12'),
(29, 13, 'ST0011223344', '申通快递', 'shipped', '成都转运中心', '2026-04-12', '2026-04-18 14:46:12');

-- ============================================================
-- 物流轨迹数据
-- ============================================================
INSERT INTO `logistics_tracks` (`id`, `logistics_id`, `location`, `status`, `track_time`, `created_at`) VALUES
(1, 1, '广东省深圳市', '快件已发货', '2024-01-15 18:00:00', '2026-03-04 18:37:17'),
(2, 1, '广东省深圳市', '快件已到达深圳转运中心', '2024-01-15 20:30:00', '2026-03-04 18:37:17'),
(3, 1, '北京市', '快件已到达北京转运中心', '2024-01-16 08:00:00', '2026-03-04 18:37:17'),
(4, 1, '北京市朝阳区', '快件正在派送中', '2024-01-17 09:00:00', '2026-03-04 18:37:17'),
(5, 1, '北京市朝阳区', '快件已签收', '2024-01-17 14:30:00', '2026-03-04 18:37:17'),
(6, 3, '江苏省南京市', '快件已发货', '2024-01-21 16:00:00', '2026-03-04 18:37:17'),
(7, 3, '江苏省南京市', '快件已到达南京转运中心', '2024-01-21 19:00:00', '2026-03-04 18:37:17'),
(8, 3, '上海市浦东新区', '快件已到达上海转运中心', '2024-01-22 06:00:00', '2026-03-04 18:37:17'),
(9, 3, '上海市浦东新区', '快件正在派送中', '2024-01-23 08:30:00', '2026-03-04 18:37:17'),
(10, 6, '广东省广州市', '快件已发货', '2024-01-24 10:00:00', '2026-03-04 18:37:17'),
(11, 6, '广东省广州市', '快件已到达广州转运中心', '2024-01-24 14:00:00', '2026-03-04 18:37:17'),
(12, 8, '上海市', '快件已发货', '2024-01-13 11:00:00', '2026-03-04 18:37:17'),
(13, 8, '上海市', '快件已到达上海转运中心', '2024-01-13 15:00:00', '2026-03-04 18:37:17'),
(14, 8, '广东省深圳市', '快件已到达深圳转运中心', '2024-01-14 09:00:00', '2026-03-04 18:37:17'),
(15, 8, '深圳市南山区', '快件正在派送中', '2024-01-15 08:00:00', '2026-03-04 18:37:17'),
(16, 8, '深圳市南山区', '快件已签收', '2024-01-15 11:30:00', '2026-03-04 18:37:17'),
(17, 9, '深圳仓库', '已揽收', '2026-04-18 10:00:00', '2026-04-18 14:39:18'),
(18, 9, '深圳转运中心', '运输中', '2026-04-18 14:00:00', '2026-04-18 14:39:18'),
(19, 9, '广州分拨中心', '运输中', '2026-04-19 02:00:00', '2026-04-18 14:39:18'),
(20, 9, '目的地营业点', '派送中', '2026-04-19 18:00:00', '2026-04-18 14:39:18'),
(21, 9, '已签收', '已签收', '2026-04-20 09:30:00', '2026-04-18 14:39:18');

-- ============================================================
-- 知识文档数据（核心数据 - RAG知识库）
-- ============================================================
INSERT INTO `knowledge_docs` (`id`, `title`, `content`, `category`, `source`, `created_at`) VALUES
(1, 'iPhone 15 Pro Max产品介绍', 'iPhone 15 Pro Max采用钛金属机身设计，配备6.7英寸超视网膜XDR显示屏，搭载A17 Pro芯片，支持USB-C接口。相机系统包括4800万像素主摄、1200万像素超广角和1200万像素长焦镜头，支持4K60fps视频录制。电池容量4422mAh，支持27W有线充电和15W无线充电。起售价9999元，提供256GB、512GB、1TB存储选项。', 'product', '官方资料', '2026-04-18 01:40:46'),
(2, '华为Mate 60 Pro产品介绍', '华为Mate 60 Pro采用昆仑玻璃屏幕，配备6.8英寸OLED曲面屏，搭载麒麟9000S处理器，支持5G网络。相机系统包括5000万像素主摄、1300万像素超广角和4800万像素长焦镜头，支持可变光圈。电池容量5000mAh，支持66W有线充电和50W无线充电。起售价6999元，提供256GB、512GB、1TB存储选项。', 'product', '官方资料', '2026-04-18 01:40:46'),
(3, '小米14 Pro产品介绍', '小米14 Pro采用陶瓷机身设计，配备6.73英寸2K AMOLED屏幕，搭载骁龙8 Gen 3处理器，支持120W有线充电。相机系统包括5000万像素徕卡主摄、5000万像素超广角和5000万像素长焦镜头，支持8K视频录制。电池容量5500mAh，支持50W无线充电。起售价4999元，提供256GB、512GB、1TB存储选项。', 'product', '官方资料', '2026-04-18 01:40:46'),
(4, '三星Galaxy S24 Ultra产品介绍', '三星Galaxy S24 Ultra采用 Dynamic AMOLED 2X屏幕，配备6.8英寸2K+显示屏，搭载骁龙8 Gen 3处理器，支持S Pen。相机系统包括2亿像素主摄、5000万像素超广角、5000万像素长焦和1000万像素潜望式长焦镜头，支持100倍数码变焦。电池容量5000mAh，支持45W有线充电和15W无线充电。起售价8999元，提供256GB、512GB、1TB存储选项。', 'product', '官方资料', '2026-04-18 01:40:46'),
(5, 'OPPO Find X7 Ultra产品介绍', 'OPPO Find X7 Ultra采用双曲屏设计，配备6.82英寸2K AMOLED屏幕，搭载骁龙8 Gen 3处理器，支持100W有线充电。相机系统包括5000万像素哈苏主摄、5000万像素超广角和5000万像素潜望式长焦镜头，支持10倍光学变焦。电池容量5500mAh，支持50W无线充电。起售价5999元，提供256GB、512GB存储选项。', 'product', '官方资料', '2026-04-18 01:40:46'),
(6, 'vivo X100 Pro产品介绍', 'vivo X100 Pro采用曲面屏设计，配备6.78英寸2K AMOLED屏幕，搭载天玑9300处理器，支持80W有线充电。相机系统包括5000万像素蔡司主摄、5000万像素超广角和6400万像素潜望式长焦镜头，支持8倍光学变焦。电池容量5400mAh，支持50W无线充电。起售价4999元，提供256GB、512GB存储选项。', 'product', '官方资料', '2026-04-18 01:40:46'),
(7, '荣耀Magic6 Pro产品介绍', '荣耀Magic6 Pro采用全面屏设计，配备6.8英寸OLED屏幕，搭载骁龙8 Gen 3处理器，支持66W有线充电。相机系统包括5000万像素主摄、5000万像素超广角和5000万像素长焦镜头，支持OIS光学防抖。电池容量5600mAh，支持50W无线充电。起售价5699元，提供256GB、512GB存储选项。', 'product', '官方资料', '2026-04-18 01:40:46'),
(8, '一加12产品介绍', '一加12采用陶瓷机身设计，配备6.82英寸2K AMOLED屏幕，搭载骁龙8 Gen 3处理器，支持100W有线充电。相机系统包括5000万像素哈苏主摄、5000万像素超广角和6400万像素长焦镜头，支持3倍光学变焦。电池容量5400mAh，支持50W无线充电。起售价4999元，提供256GB、512GB存储选项。', 'product', '官方资料', '2026-04-18 01:40:46'),
(9, 'MacBook Pro 16英寸产品介绍', 'MacBook Pro 16英寸搭载M3 Pro或M3 Max芯片，配备16英寸Liquid Retina XDR显示屏，分辨率3456×2234。内存可选18GB-128GB，存储可选512GB-8TB。支持MagSafe充电，配备三个Thunderbolt 4接口和一个HDMI接口。电池续航最长可达22小时，起售价19999元。', 'product', '官方资料', '2026-04-18 01:40:46'),
(10, 'ThinkPad X1 Carbon 2024产品介绍', 'ThinkPad X1 Carbon 2024采用碳纤维机身，重量仅1.12kg，配备14英寸2.8K OLED屏幕，搭载第14代英特尔酷睿处理器。内存可选16GB-64GB，存储可选512GB-2TB。键盘采用背光设计，支持指纹识别和人脸识别。电池续航最长可达15小时，起售价9999元。', 'product', '官方资料', '2026-04-18 01:40:46'),
(32, '配送时效说明', '北京、上海、广州、深圳等一线城市，订单下单后1-2天内送达；二线城市2-3天内送达；三线及以下城市3-5天内送达。偏远地区（如新疆、西藏、青海等）5-7天内送达。部分特殊商品（如大家电、定制商品）可能需要额外1-2天配送时间。', 'logistics', '物流政策', '2026-04-18 01:40:46'),
(33, '运费规则说明', '全场满99元包邮，不满99元收取10元运费。部分特殊商品（如大家电、重物）可能需要额外收取运费，具体以商品详情页为准。偏远地区（如新疆、西藏、青海等）满199元包邮，不满199元收取20元运费。', 'logistics', '物流政策', '2026-04-18 01:40:46'),
(34, '物流追踪方式', '订单发货后，系统会自动发送物流单号至您的手机和邮箱。您可以在订单详情页查看实时物流信息，也可以通过快递公司官网或APP查询。支持的快递公司包括顺丰、京东物流、中通、韵达、申通等。', 'logistics', '物流政策', '2026-04-18 01:40:46'),
(35, '配送服务说明', '大家电商品（如冰箱、洗衣机、空调等）支持上门安装服务，部分商品需要收取安装费用，具体以商品详情页为准。部分商品支持预约配送，您可以在下单时选择具体的配送时间。', 'logistics', '物流政策', '2026-04-18 01:40:46'),
(36, '物流异常处理', '如遇物流延迟或异常，您可以联系客服申请催件或查询具体情况。如商品在运输过程中损坏，您可以拒收并联系客服申请退款或重新发货。如物流信息长时间未更新，您可以联系客服进行处理。', 'logistics', '物流政策', '2026-04-18 01:40:46'),
(37, '大件商品配送', '冰箱、洗衣机、空调等大家电商品由专业配送团队送货上门，配送前会提前1天电话联系确认收货时间。大家电支持免费送货入户，但不包含安装服务（安装需另收费或联系品牌官方售后）。', 'logistics', '物流政策', '2026-04-18 01:40:46'),
(38, '同城急送服务', '部分城市支持同城急送服务，下单后2-4小时送达，加收15-25元服务费。适用于紧急需要的商品，如手机配件、日用品等小件商品。具体覆盖城市以结算页显示为准。', 'logistics', '物流政策', '2026-04-18 01:40:46'),
(39, '退换货政策', '支持7天无理由退换货，商品需保持全新未使用状态，包装完好。质量问题支持15天内退换货，需要提供相关质量问题证明。部分特殊商品（如贴身衣物、美妆产品、定制商品）不支持无理由退换货，具体以商品详情页为准。', 'policy', '售后政策', '2026-04-18 01:40:46'),
(40, '保修政策总则', '手机、电脑等数码产品保修1年；大家电产品保修3年；小家电产品保修1年；服装鞋帽类产品不保修。保修范围仅包括产品本身质量问题，不包括人为损坏、自行拆卸等情况。保修期从签收之日开始计算。', 'policy', '售后政策', '2026-04-18 01:40:46'),
(41, '数码产品保修细则', '手机、平板、笔记本等数码产品享受1年官方保修服务。保修范围包括：硬件故障、性能异常、屏幕坏点（超过3个）等。不保修情况：进液、摔落挤压、私自拆修、人为损坏、超出保修期。保修时需提供购买凭证（订单号或发票）。', 'policy', '售后政策', '2026-04-18 01:40:46'),
(42, '大家电保修细则', '冰箱、洗衣机、空调等大家电产品享受3年整机保修，压缩机等核心部件保修6-10年（视品牌而定）。保修范围包括：制冷/制热效果异常、噪音过大、漏水漏电等质量问题。安装调试费用需用户自行承担。', 'policy', '售后政策', '2026-04-18 01:40:46'),
(43, '支付方式说明', '支持支付宝、微信支付、银联云闪付、信用卡支付、花呗分期、京东白条等多种支付方式。部分商品支持分期付款，具体以商品详情页为准。大额订单（超过5000元）可能需要额外验证身份信息。', 'policy', '支付政策', '2026-04-18 01:40:46'),
(44, '分期付款说明', '花呗分期支持3期、6期、12期免息（部分商品）；信用卡分期支持3期、6期、12期、24期，具体费率以银行页面显示为准；京东白条支持3期、6期、12期、24期免息（部分商品）。分期金额上限因商品和信用额度而异。', 'policy', '支付政策', '2026-04-18 01:40:46'),
(52, '客服联系方式', '平台提供多种客服渠道：①客服热线400-123-4567（工作日9:00-22:00，周末10:00-18:00）；②APP/官网在线客服（7×24小时智能+人工）；③官方微信公众号"ExampleService"；④邮箱support@example.com（1-2个工作日内回复）。', 'service', '客服政策', '2026-04-18 01:40:46'),
(53, '售后维修流程', '商品出现质量问题需维修时，请按以下流程操作：①登录APP→我的订单→申请售后；②选择问题类型并上传照片/视频凭证；③客服审核（1-2个工作日）；④审核通过后寄回或等待上门取件；⑤维修完成后寄回（一般3-7个工作日）。', 'service', '客服政策', '2026-04-18 01:40:46'),
(54, '投诉与建议通道', '如您对服务不满意，可通过以下渠道反馈：①在线客服直接转接投诉专员；②拨打客服热线按9号键进入投诉通道；③发送邮件至complaints@example.com（注明订单号和问题描述）。我们承诺24小时内响应，7个工作日内给出处理结果。', 'service', '客服政策', '2026-04-18 01:40:46'),
(55, '常见问题FAQ-订单相关', 'Q: 如何修改收货地址？A: 未发货前可在订单详情页自行修改；已发货需联系客服尝试拦截（成功率非100%）。Q: 如何取消订单？A: 未发货前可自助取消；已发货需拒收后申请退款。Q: 订单多久发货？A: 一般24小时内发出（工作日），大件商品可能需要1-3天备货期。', 'service', '客服政策', '2026-04-18 01:40:46'),
(56, '常见问题FAQ-支付相关', 'Q: 支付失败怎么办？A: 请检查银行卡余额、网络状态，或尝试更换支付方式。如持续失败请联系客服。Q: 如何申请退款？A: 订单详情页→申请退款→选择原因→提交审核（1-3个工作日到账）。Q: 发票信息填错了？A: 未开出前可修改；已开出需联系客服作废重开。', 'service', '客服政策', '2026-04-18 01:40:46'),
(57, 'iPhone 15系列详细规格', 'iPhone 15 Pro Max详细参数：屏幕6.7英寸OLED 2622×1206分辨率，A17 Pro芯片（6核CPU+6核GPU），内存8GB，存储256GB/512GB/1TB，后置三摄（48MP主摄f/1.78+12MP超广角f/2.2+12MP长焦f/2.8），前置12MP，电池4422mAh，27W有线+15W无线+7.5W MagSafe，IP68防水防尘，钛金属边框，USB-C接口，重量221g。', 'product', '技术参数', '2026-04-18 01:40:46'),
(58, '华为Mate 60系列详细规格', '华为Mate 60 Pro详细参数：屏幕6.82英寸OLED 2720×1260分辨率，麒麟9000S处理器，内存12GB/16GB，存储256GB/512GB/1TB，后置三摄（50MP主摄f/1.4-f/4.0可变光圈+13MP超广角f/2.2+48MP长焦f/3.0 OIS），前置13MP+3D深感，电池5000mAh，66W有线+50W无线+15W反向无线，IP68防水防尘，昆仑玻璃二代，卫星通话功能，重量225g。', 'product', '技术参数', '2026-04-18 01:40:46'),
(59, '小米14系列详细规格', '小米14 Pro详细参数：屏幕6.73英寸AMOLED 3200×1440分辨率120Hz LTPO，骁龙8 Gen 3处理器，内存12GB/16GB，存储256GB/512GB/1TB，后置三摄（50MP徕卡主摄f/1.42-f/4.0光圈+50MP超广角f/2.2+50MP长焦f/2.0 OIS），前置32MP，电池5400mAh，120W有线+50W无线+10W反向无线，IP68防水防尘，陶瓷/玻璃机身，重量223g。', 'product', '技术参数', '2026-04-18 01:40:46'),
(60, 'MacBook Pro M3系列配置对比', 'MacBook Pro 14英寸M3版：8核CPU+10核GPU+16GB内存+512GB存储，起价14999元；M3 Pro版：11/12核CPU+14/18核GPU+18GB内存+512GB存储，起价16999元；M3 Max版：14/16核CPU+30/40核GPU+36GB内存+1TB存储，起价19999元；16英寸版本同配置贵3000-4000元。全系支持ProMotion 120Hz自适应刷新率。', 'product', '技术参数', '2026-04-18 01:40:46'),
(61, '2024年手机选购指南-旗舰机对比', '2024年旗舰手机推荐：①影像首选：vivo X100 Pro（蔡司认证+潜望长焦）；②性能首选：一加12（骁龙8 Gen 3+100W快充）；③商务首选：华为Mate 60 Pro（卫星通话+鸿蒙生态）；④性价比：小米14 Pro（徕卡影像+价格优势）；⑤苹果生态：iPhone 15 Pro Max（A17 Pro+iOS）。根据预算和需求选择即可。', 'product', '选购指南', '2026-04-18 01:40:46'),
(62, '笔记本电脑选购建议', '选择笔记本需考虑以下因素：①用途（办公/游戏/创作）→决定CPU/GPU配置；②便携性需求→重量1.2kg以内为轻薄本，2kg以上为性能本；③屏幕素质→设计师优先考虑色域覆盖，办公用户关注护眼；④续航→经常外出选长续航机型；⑤预算→5000-8000元主流价位，10000元以上高端定位。', 'product', '选购指南', '2026-04-18 01:40:46'),
(63, '家电购买注意事项', '购买大家电时请注意：①测量安装位置尺寸（预留散热空间）；②确认电源插座规格（空调需16A专用插座）；③了解售后政策（上门安装是否收费）；④查看能效等级（一级最省电）；⑤关注噪音参数（冰箱≤40dB、空调≤25dB为宜）；⑥大件商品配送时间可能较长（3-7天）。', 'product', '选购指南', '2026-04-18 01:40:46'),
(64, '护肤品成分入门指南', '常见有效成分及功效：①保湿类：透明质酸钠、甘油、神经酰胺；②抗老类：视黄醇（A醇）、胜肽、玻色因；③美白类：烟酰胺、VC衍生物、377；④修护类：二裂酵母发酵产物溶胞物、积雪草提取物；⑤控油类：水杨酸、果酸、锌。建议根据肤质和诉求搭配使用，初次尝试从低浓度开始。', 'product', '选购指南', '2026-04-18 01:40:46'),
(65, '运动鞋选购要点', '选择运动鞋需注意：①跑步鞋→注重缓震回弹（Boost/Light Foam等中底材料）、重量（250g以内为轻量级）；②篮球鞋→注重包裹性和防侧翻（中底支撑+高帮设计）；③休闲鞋→舒适度和颜值并重，无需专业性能；④尺码建议下午试穿（脚部会轻微肿胀），预留一指空隙；⑤不同品牌尺码可能有差异，建议参考具体尺码表。', 'product', '选购指南', '2026-04-18 01:40:46'),
(66, 'iPhone使用技巧-省电设置', 'iPhone省电技巧：①开启低电量模式（设置→电池→低电量模式）；②关闭后台App刷新（设置→通用→后台App刷新）；③降低屏幕亮度或开启自动亮度；④关闭定位服务（不使用的App）；⑤关闭动态效果（设置→辅助功能→动态效果→减弱）；⑥关闭5G（双卡管理中选择自动5G）。正常使用可延长20-30%续航。', 'product', '使用技巧', '2026-04-18 01:40:46'),
(67, '华为手机特色功能介绍', '华为手机独有功能：①卫星通话（Mate 60系列支持，无地面信号时紧急联络）；②鸿蒙多设备协同（平板/电脑/手机无缝流转）；③智感支付（识别扫码场景自动调出付款码）；④纯净模式（拦截骚扰电话和广告推送）；⑤中转站（跨应用拖拽文件）；⑥超级终端（附近设备一键连接）。', 'product', '使用技巧', '2026-04-18 01:40:46'),
(68, 'MacBook新手入门指南', 'MacBook初次使用建议：①熟悉触控板手势（三指拖移、四指切换桌面等）；②安装常用软件（App Store或官网下载）；③开启iCloud同步（照片、文件、备忘录跨设备）；④配置Touch ID指纹；⑤学习Spotlight搜索（Command+空格快速启动）；⑥了解Finder文件管理逻辑。推荐观看官方"Mac基础"视频教程。', 'product', '使用技巧', '2026-04-18 01:40:46'),
(69, '大家电安装注意事项', '冰箱安装：预留两侧各10cm以上散热空间，远离热源和阳光直射，保持水平放置（调节底脚）。洗衣机安装：需预留进水龙头和排水口（距离1米内），确认电源接地良好，首次使用需空洗一次清洁内筒。空调安装：室外机需固定在承重墙或专用支架上，高度高于室内机，管路长度不超过15米为宜。', 'logistics', '安装指南', '2026-04-18 01:40:46'),
(70, '退换货流程详解', '退货完整流程：①登录APP→我的订单→申请售后→选择"退货退款"；②选择退货原因（质量问题/不想要了/其他）并上传凭证照片；③等待客服审核（1-2个工作日）；④审核通过后系统返回寄回地址和运单号；⑤使用指定快递寄回（建议保留快递单号）；⑥仓库验收（1-3个工作日）→退款原路返回。换货流程类似，只是最后一步为重新发货而非退款。', 'policy', '售后政策', '2026-04-18 01:40:46'),
(71, '质量问题判定标准', '以下情况属于质量问题：①开箱即有外观损坏（划痕、裂纹、变形）；②功能异常（无法开机、屏幕坏点>3个、按键失灵等）；③性能不达标（续航明显低于标称值、充电异常发热等）；④配件缺失或错误。以下情况不属于质量问题：①正常使用产生的轻微磨损；②人为损坏（进水、摔落、挤压）；③拆机或私自维修后出现的问题；④超出保修期。', 'policy', '售后政策', '2026-04-18 01:40:46'),
(74, '物流时效承诺与赔偿', '物流时效承诺：一线城市订单承诺48小时内送达，超时每延迟24小时赔偿订单金额的1%（最高不超过50元）；二线城市72小时，三线城市96小时。不可抗力因素（自然灾害、疫情管控等）除外。如遇物流丢失或严重损坏，全额赔付并补偿50元优惠券。签收时请当场验货确认无误后再签字。', 'logistics', '物流政策', '2026-04-18 01:40:46'),
(75, '包装与开箱验货指南', '收到商品后请按以下步骤操作：①检查外包装是否完好无损（拍照留证）；②核对商品名称、数量、规格是否与订单一致；③开机测试基本功能（手机/电脑类）；④检查配件是否齐全（说明书、保修卡、充电器等）；⑤如发现问题立即联系客服并拒收（不要先签收再反馈）。大家电建议预约专业安装人员上门验收安装。', 'logistics', '配送服务', '2026-04-18 01:40:46'),
(79, '智能客服服务范围', '平台智能客服可处理以下问题：①订单状态查询与修改；②物流信息追踪；③退换货申请指导；④支付问题排查；⑤发票开具咨询；⑥产品参数查询；⑦促销活动说明。以下情况建议转人工客服：复杂售后纠纷、大额订单异常、投诉建议、特殊需求定制等。人工客服工作时间为9:00-22:00（工作日），10:00-18:00（周末）。', 'service', '客服政策', '2026-04-18 01:40:46'),
(80, '数据安全与隐私保护', '平台承诺严格保护用户隐私：①所有支付信息经过加密传输和存储（SSL/TLS协议）；②不向第三方出售或共享用户个人数据；③用户有权查看、修改、删除自己的个人信息（设置→隐私管理）；④客服对话内容加密保存，仅用于服务质量改进；⑤如遇账号异常或疑似泄露请立即联系客服冻结账户并修改密码。建议定期更换密码并开启两步验证。', 'policy', '安全政策', '2026-04-18 01:40:46'),
(83, '以旧换新服务说明', '平台支持手机、笔记本、平板等数码产品以旧换新：①在线估价（选择型号、成色、功能状态→系统给出预估价）；②确认后下单新机并提交旧机；③新机先发货（需支付差价）；④收到新机后7天内寄回旧机；⑤专业检测后最终定价（与预估价偏差±10%内正常）；⑥多退少补完成交易。旧机数据请提前备份并恢复出厂设置。', 'service', '增值服务', '2026-04-18 01:40:46'),
(91, '防诈骗安全提示', '警惕以下常见电商诈骗：①冒充客服退款（官方不会索要验证码或密码）；②虚假物流链接（请通过官方渠道查询）；③低价诱惑（远低于市场价多为假货或骗局）；④钓鱼网站（仔细核对域名是否正确）；⑤二维码付款（正规平台不会要求扫码转账）。如遇可疑情况立即挂断并通过官方渠道核实。已受骗用户请第一时间联系官方客服并报警（拨打110）。', 'policy', '安全政策', '2026-04-18 01:40:46');
